<?xml version="1.0" encoding="UTF-8"?>
<application id="Application_ID" version="1.4" xmlns="http://java.sun.com/xml/ns/j2ee" xmlns:xsi="http://www.w3.org/2001/XMLSchema-instance" xsi:schemaLocation="http://java.sun.com/xml/ns/j2ee http://java.sun.com/xml/ns/j2ee/application_1_4.xsd">
	<display-name>
	ProcessOperatorApp</display-name>
	<module id="WebModule_1169158408425">
        <web>
            <web-uri>ProcessOperatorWeb.war</web-uri>
            <context-root>ProcessOperatorWeb</context-root>
        </web>
    </module>
	<security-role id="SecurityRole_1382511431225">
		<role-name>bpcOperator</role-name>
	</security-role>
</application>
